Fecha|Total
2017-12-04|1045.16
2017-12-05|7027.1
2017-12-06|12001.01
2017-12-07|7732.52
2017-12-08|8096.91
2017-12-09|1147.66
2017-12-10|0.0
2017-12-11|0.0
2017-12-12|0.0
2017-12-13|9530.65
2017-12-14|1724.51
2017-12-15|5215.959999999999
2017-12-16|2680.83
2017-12-17|0.0
2017-12-18|15544.3
2017-12-19|7426.95
2017-12-20|16421.5
2017-12-21|24597.52
2017-12-22|5994.37
2017-12-23|7606.2
2017-12-24|0.0
2017-12-25|0.0
2017-12-26|0.0
2017-12-27|2964.61
2017-12-28|0.0
2017-12-29|887.4
2017-12-30|0.0
2017-12-31|0.0
2018-01-01|0.0
2018-01-02|0.0
2018-01-03|11340.27
2018-01-04|42855.47
2018-01-05|0.0
2018-01-06|1066.06
2018-01-07|0.0
2018-01-08|0.0
2018-01-09|17535.629999999997
2018-01-10|906.15
2018-01-11|2583.0
2018-01-12|7869.4400000000005
2018-01-13|3934.34
2018-01-14|0.0
2018-01-15|14586.57
2018-01-16|0.0
2018-01-17|1825.97
2018-01-18|4925.02
2018-01-19|2621.24
2018-01-20|0.0
2018-01-21|0.0
2018-01-22|2090.32
2018-01-23|12652.65
2018-01-24|4628.82
2018-01-25|11337.7
2018-01-26|4853.23
2018-01-27|1045.16
2018-01-28|0.0
2018-01-29|4180.64
2018-01-30|1141.71
2018-01-31|1244.97
2018-02-01|0.0
2018-02-02|8888.5
2018-02-03|0.0
2018-02-04|0.0
2018-02-05|0.0
2018-02-06|3049.61
2018-02-07|2874.16
2018-02-08|7249.38
2018-02-09|2028.84
2018-02-10|0.0
2018-02-11|0.0
2018-02-12|13347.24
2018-02-13|21870.71
2018-02-14|12833.96
2018-02-15|3041.45
2018-02-16|4388.71
2018-02-17|0.0
2018-02-18|0.0
2018-02-19|8153.0599999999995
2018-02-20|2215.8
2018-02-21|4928.17
2018-02-22|5892.41
2018-02-23|3988.6
2018-02-24|0.0
2018-02-25|0.0
2018-02-26|0.0
2018-02-27|0.0
2018-02-28|0.0
2018-03-01|29416.03
2018-03-02|5437.84
2018-03-03|0.0
2018-03-04|0.0
2018-03-05|1107.9
2018-03-06|18894.84
2018-03-07|14444.4
2018-03-08|37039.75
2018-03-09|17450.7
2018-03-10|26473.51
2018-03-11|0.0
2018-03-12|80.0
2018-03-13|18482.510000000002
2018-03-14|2354.26
2018-03-15|4790.0
2018-03-16|10618.71
2018-03-17|1075.15
2018-03-18|0.0
2018-03-19|0.0
2018-03-20|4635.33
2018-03-21|0.0
2018-03-22|0.0
2018-03-23|20845.73
2018-03-24|0.0
2018-03-25|0.0
2018-03-26|0.0
2018-03-27|0.0
2018-03-28|0.0
2018-03-29|0.0
2018-03-30|0.0
2018-03-31|0.0
2018-04-01|0.0
2018-04-02|7320.389999999999
2018-04-03|3788.95
2018-04-04|3014.24
2018-04-05|22047.87
2018-04-06|21244.17
2018-04-07|0.0
2018-04-08|0.0
2018-04-09|3858.42
2018-04-10|25907.21
2018-04-11|2150.6
2018-04-12|21753.57
2018-04-13|12120.67
2018-04-14|5962.98
2018-04-15|0.0
2018-04-16|8962.32
2018-04-17|13556.75
2018-04-18|3964.3500000000004
2018-04-19|950.49
2018-04-20|3321.24
2018-04-21|2998.8
2018-04-22|0.0
2018-04-23|3074.38
2018-04-24|0.0
2018-04-25|3838.79
2018-04-26|10036.0
2018-04-27|0.0
2018-04-28|0.0
2018-04-29|0.0
2018-04-30|8306.720000000001
2018-05-01|0.0
2018-05-02|0.0
2018-05-03|0.0
2018-05-04|0.0
2018-05-05|0.0
2018-05-06|0.0
2018-05-07|0.0
2018-05-08|0.0
2018-05-09|0.0
2018-05-10|0.0
2018-05-11|0.0
2018-05-12|0.0
2018-05-13|0.0
2018-05-14|0.0
2018-05-15|0.0
2018-05-16|0.0
2018-05-17|0.0
2018-05-18|0.0
2018-05-19|0.0
2018-05-20|0.0
2018-05-21|0.0
2018-05-22|0.0
2018-05-23|0.0
2018-05-24|0.0
2018-05-25|0.0
2018-05-26|0.0
2018-05-27|0.0
2018-05-28|0.0
2018-05-29|0.0
2018-05-30|0.0
2018-05-31|0.0
2018-06-01|56695.63
2018-06-02|16416.370000000003
2018-06-03|0.0
2018-06-04|2038.6200000000001
2018-06-05|1861.19
2018-06-06|6170.9
2018-06-07|1246.36
2018-06-08|2107.9
2018-06-09|0.0
2018-06-10|0.0
2018-06-11|2266.3
2018-06-12|12391.97
2018-06-13|10341.7
2018-06-14|2215.8
2018-06-15|5953.85
2018-06-16|1507.11
2018-06-17|0.0
2018-06-18|18498.97
2018-06-19|10119.720000000001
2018-06-20|0.0
2018-06-21|1107.9
2018-06-22|4623.81
2018-06-23|0.0
2018-06-24|0.0
2018-06-25|1107.9
2018-06-26|0.0
2018-06-27|2832.41
2018-06-28|4415.82
2018-06-29|1107.9
2018-06-30|937.28
2018-07-01|0.0
2018-07-02|44619.72
2018-07-03|6671.09
2018-07-04|0.0
2018-07-05|11084.53
2018-07-06|0.0
2018-07-07|4011.8
2018-07-08|0.0
2018-07-09|8070.35
2018-07-10|14809.029999999999
2018-07-11|12350.48
2018-07-12|0.0
2018-07-13|0.0
2018-07-14|1107.9
2018-07-15|0.0
2018-07-16|3157.5299999999997
2018-07-17|3866.3100000000004
2018-07-18|0.0
2018-07-19|7756.17
2018-07-20|0.0
2018-07-21|0.0
2018-07-22|0.0
2018-07-23|0.0
2018-07-24|0.0
2018-07-25|0.0
2018-07-26|0.0
2018-07-27|3846.69
2018-07-28|4430.23
2018-07-29|0.0
2018-07-30|8674.039999999999
2018-07-31|3561.8500000000004
2018-08-01|0.0
2018-08-02|0.0
2018-08-03|0.0
2018-08-04|0.0
2018-08-05|0.0
2018-08-06|0.0
2018-08-07|0.0
2018-08-08|0.0
2018-08-09|0.0
2018-08-10|0.0
2018-08-11|0.0
2018-08-12|0.0
2018-08-13|0.0
2018-08-14|0.0
2018-08-15|0.0
2018-08-16|0.0
2018-08-17|0.0
2018-08-18|0.0
2018-08-19|0.0
2018-08-20|0.0
2018-08-21|0.0
2018-08-22|0.0
2018-08-23|0.0
2018-08-24|0.0
2018-08-25|0.0
2018-08-26|0.0
2018-08-27|0.0
2018-08-28|0.0
2018-08-29|0.0
2018-08-30|0.0
2018-08-31|0.0
2018-09-01|0.0
2018-09-02|0.0
2018-09-03|19435.66
2018-09-04|9113.6
2018-09-05|10282.12
2018-09-06|10644.220000000001
2018-09-07|997.11
2018-09-08|1400.0
2018-09-09|0.0
2018-09-10|6227.6
2018-09-11|1841.88
2018-09-12|0.0
2018-09-13|720.36
2018-09-14|3877.63
2018-09-15|0.0
2018-09-16|0.0
2018-09-17|997.11
2018-09-18|17113.33
2018-09-19|4996.36
2018-09-20|0.0
2018-09-21|3232.87
2018-09-22|4257.57
2018-09-23|0.0
2018-09-24|0.0
2018-09-25|0.0
2018-09-26|10316.77
2018-09-27|0.0
2018-09-28|11256.79
2018-09-29|200.0
2018-09-30|0.0
2018-10-01|12855.93
2018-10-02|20720.75
2018-10-03|3165.76
2018-10-04|0.0
2018-10-05|3323.71
2018-10-06|13077.5
2018-10-07|0.0
2018-10-08|24279.36
2018-10-09|16898.170000000002
2018-10-10|8322.91
2018-10-11|0.0
2018-10-12|0.0
2018-10-13|1174.15
2018-10-14|0.0
2018-10-15|4061.5299999999997
2018-10-16|3104.19
2018-10-17|8860.07
2018-10-18|6953.4800000000005
2018-10-19|0.0
2018-10-20|0.0
2018-10-21|0.0
2018-10-22|0.0
2018-10-23|0.0
2018-10-24|0.0
2018-10-25|16673.7
2018-10-26|3215.8
2018-10-27|0.0
2018-10-28|0.0
2018-10-29|3479.06
2018-10-30|2819.93
2018-10-31|1107.9
2018-11-01|24414.75
2018-11-02|17274.02
2018-11-03|11917.539999999999
2018-11-04|0.0
2018-11-05|23109.48
2018-11-06|960.55
2018-11-07|0.0
2018-11-08|9887.25
2018-11-09|4642.48
2018-11-10|4025.12
2018-11-11|0.0
2018-11-12|6821.8
2018-11-13|4301.22
2018-11-14|2932.6
2018-11-15|3769.7300000000005
2018-11-16|941.72
2018-11-17|0.0
2018-11-18|0.0
2018-11-19|0.0
2018-11-20|10635.85
2018-11-21|4669.75
2018-11-22|879.75
2018-11-23|9762.06
2018-11-24|0.0
2018-11-25|0.0
2018-11-26|2215.8
2018-11-27|3368.01
2018-11-28|9854.49
2018-11-29|11146.0
2018-11-30|6942.03
2018-12-01|0.0
2018-12-02|0.0
2018-12-03|23077.06
2018-12-04|41211.05
2018-12-05|1107.9
2018-12-06|9906.41
2018-12-07|0.0
2018-12-08|0.0
2018-12-09|0.0
2018-12-10|8878.7
2018-12-11|3057.05
2018-12-12|0.0
2018-12-13|0.0
2018-12-14|3157.5299999999997
2018-12-15|1466.3
2018-12-16|0.0
2018-12-17|4684.4
2018-12-18|3120.55
2018-12-19|14816.16
2018-12-20|451.5
2018-12-21|10884.24
2018-12-22|1507.11
2018-12-23|0.0
2018-12-24|0.0
2018-12-25|0.0
2018-12-26|0.0
2018-12-27|5552.38
2018-12-28|0.0
2018-12-29|2150.61
2018-12-30|0.0
2018-12-31|0.0
2019-01-01|0.0
2019-01-02|19201.800000000003
2019-01-03|14858.01
2019-01-04|5409.1
2019-01-05|8341.6
2019-01-06|0.0
2019-01-07|6580.82
2019-01-08|21433.39
2019-01-09|34466.380000000005
2019-01-10|11624.02
2019-01-11|0.0
2019-01-12|1974.25
2019-01-13|0.0
2019-01-14|6078.64
2019-01-15|9273.029999999999
2019-01-16|0.0
2019-01-17|4170.8
2019-01-18|10667.58
2019-01-19|0.0
2019-01-20|0.0
2019-01-21|21371.71
2019-01-22|0.0
2019-01-23|0.0
2019-01-24|19484.23
2019-01-25|0.0
2019-01-26|1801.81
2019-01-27|0.0
2019-01-28|400.0
2019-01-29|0.0
2019-01-30|0.0
2019-01-31|8674.71
2019-02-01|0.0
2019-02-02|1532.48
2019-02-03|0.0
2019-02-04|0.0
2019-02-05|1864.58
2019-02-06|27375.11
2019-02-07|11826.06
2019-02-08|40462.73
2019-02-09|0.0
2019-02-10|0.0
2019-02-11|13884.449999999999
2019-02-12|7475.19
2019-02-13|3125.82
2019-02-14|7339.68
2019-02-15|3005.81
2019-02-16|10036.0
2019-02-17|0.0
2019-02-18|3545.18
2019-02-19|2000.0
2019-02-20|17773.27
2019-02-21|0.0
2019-02-22|1319.67
2019-02-23|0.0
2019-02-24|0.0
2019-02-25|7728.61
2019-02-26|3948.3500000000004
2019-02-27|4549.99
2019-02-28|0.0
2019-03-01|25377.34
2019-03-02|31705.370000000003
2019-03-03|0.0
2019-03-04|11605.99
2019-03-05|9014.28
2019-03-06|1163.0
2019-03-07|16709.2
2019-03-08|14846.54
2019-03-09|5868.03
2019-03-10|0.0
2019-03-11|3465.0
2019-03-12|2266.7
2019-03-13|941.72
2019-03-14|0.0
2019-03-15|1293.0
2019-03-16|4691.25
2019-03-17|0.0
2019-03-18|0.0
2019-03-19|1385.55
2019-03-20|20402.829999999998
2019-03-21|18288.75
2019-03-22|10968.1
2019-03-23|988.55
2019-03-24|0.0
2019-03-25|0.0
2019-03-26|7868.0
2019-03-27|0.0
2019-03-28|6935.99
2019-03-29|1046.7
2019-03-30|0.0
2019-03-31|0.0
2019-04-01|1630.0
2019-04-02|48551.03
2019-04-03|0.0
2019-04-04|20321.43
2019-04-05|15620.6
2019-04-06|988.55
2019-04-07|0.0
2019-04-08|10538.0
2019-04-09|8921.35
2019-04-10|8072.55
2019-04-11|8531.0
2019-04-12|965.0
2019-04-13|1539.5
2019-04-14|0.0
2019-04-15|0.0
2019-04-16|0.0
2019-04-17|0.0
2019-04-18|0.0
2019-04-19|0.0
2019-04-20|0.0
2019-04-21|0.0
2019-04-22|13225.529999999999
2019-04-23|0.0
2019-04-24|0.0
2019-04-25|1186.26
2019-04-26|2793.0
2019-04-27|0.0
2019-04-28|0.0
2019-04-29|2303.16
2019-04-30|1974.25
2019-05-01|0.0
2019-05-02|25225.6
2019-05-03|28098.36
2019-05-04|0.0
2019-05-05|0.0
2019-05-06|11241.210000000001
2019-05-07|13601.43
2019-05-08|4516.0
2019-05-09|6667.55
2019-05-10|9992.21
2019-05-11|0.0
2019-05-12|0.0
2019-05-13|0.0
2019-05-14|13192.83
2019-05-15|4853.74
2019-05-16|18653.23
2019-05-17|3277.18
2019-05-18|0.0
2019-05-19|0.0
2019-05-20|3146.0
2019-05-21|4082.0
2019-05-22|0.0
2019-05-23|4414.99
2019-05-24|3551.0
2019-05-25|0.0
2019-05-26|0.0
2019-05-27|0.0
2019-05-28|8777.5
2019-05-29|2033.55
2019-05-30|7085.75
2019-05-31|11739.6
2019-06-01|0.0
2019-06-02|0.0
2019-06-03|0.0
2019-06-04|0.0
2019-06-05|0.0
2019-06-06|0.0
2019-06-07|0.0
2019-06-08|0.0
2019-06-09|0.0
2019-06-10|0.0
2019-06-11|0.0
2019-06-12|0.0
2019-06-13|0.0
2019-06-14|0.0
2019-06-15|0.0
2019-06-16|0.0
2019-06-17|0.0
2019-06-18|0.0
2019-06-19|0.0
2019-06-20|0.0
2019-06-21|0.0
2019-06-22|0.0
2019-06-23|0.0
2019-06-24|0.0
2019-06-25|0.0
2019-06-26|0.0
2019-06-27|0.0
2019-06-28|0.0
2019-06-29|0.0
2019-06-30|0.0
2019-07-01|0.0
2019-07-02|0.0
2019-07-03|0.0
2019-07-04|0.0
2019-07-05|0.0
2019-07-06|0.0
2019-07-07|0.0
2019-07-08|0.0
2019-07-09|0.0
2019-07-10|0.0
2019-07-11|0.0
2019-07-12|0.0
2019-07-13|0.0
2019-07-14|0.0
2019-07-15|0.0
2019-07-16|0.0
2019-07-17|0.0
2019-07-18|0.0
2019-07-19|0.0
2019-07-20|0.0
2019-07-21|0.0
2019-07-22|0.0
2019-07-23|0.0
2019-07-24|0.0
2019-07-25|0.0
2019-07-26|0.0
2019-07-27|0.0
2019-07-28|0.0
2019-07-29|0.0
2019-07-30|0.0
2019-07-31|0.0
2019-08-01|0.0
2019-08-02|39117.31
2019-08-03|8897.86
2019-08-04|0.0
2019-08-05|5415.54
2019-08-06|5535.23
2019-08-07|7008.0
2019-08-08|0.0
2019-08-09|10697.3
2019-08-10|0.0
2019-08-11|0.0
2019-08-12|0.0
2019-08-13|0.0
2019-08-14|0.0
2019-08-15|2608.51
2019-08-16|2312.51
2019-08-17|0.0
2019-08-18|0.0
2019-08-19|3304.7
2019-08-20|10305.61
2019-08-21|9032.0
2019-08-22|1163.0
2019-08-23|5922.75
2019-08-24|0.0
2019-08-25|0.0
2019-08-26|0.0
2019-08-27|0.0
2019-08-28|4584.0
2019-08-29|1107.9
2019-08-30|0.0
2019-08-31|0.0
2019-09-01|0.0
2019-09-02|46947.17
2019-09-03|7812.8099999999995
2019-09-04|0.0
2019-09-05|9757.2
2019-09-06|1385.55
2019-09-07|0.0
2019-09-08|0.0
2019-09-09|0.0
2019-09-10|11574.46
2019-09-11|3267.7200000000003
2019-09-12|9366.0
2019-09-13|6046.0
2019-09-14|1163.0
2019-09-15|0.0
2019-09-16|0.0
2019-09-17|0.0
2019-09-18|0.0
2019-09-19|13207.19
2019-09-20|3154.98
2019-09-21|988.55
2019-09-22|0.0
2019-09-23|2303.17
2019-09-24|9312.04
2019-09-25|0.0
2019-09-26|4516.0
2019-09-27|12718.939999999999
2019-09-28|8567.039999999999
2019-09-29|0.0
2019-09-30|14073.55
2019-10-01|13620.2
2019-10-02|35544.32
2019-10-03|2258.0
2019-10-04|12579.73
2019-10-05|0.0
2019-10-06|0.0
2019-10-07|10237.7
2019-10-08|23084.82
2019-10-09|13530.86
2019-10-10|2258.0
2019-10-11|0.0
2019-10-12|0.0
2019-10-13|0.0
2019-10-14|0.0
2019-10-15|4379.0
2019-10-16|18637.09
2019-10-17|0.0
2019-10-18|4516.0
2019-10-19|2500.0
2019-10-20|0.0
2019-10-21|2163.0
2019-10-22|2644.5
2019-10-23|5269.0
2019-10-24|1163.0
2019-10-25|10156.63
2019-10-26|0.0
2019-10-27|0.0
2019-10-28|3953.74
2019-10-29|0.0
2019-10-30|5749.0
2019-10-31|0.0
2019-11-01|0.0
2019-11-02|0.0
2019-11-03|0.0
2019-11-04|12042.99
2019-11-05|26410.25
2019-11-06|43974.35
2019-11-07|10500.5
2019-11-08|0.0
2019-11-09|3202.9
2019-11-10|0.0
2019-11-11|11381.07
2019-11-12|9883.55
2019-11-13|2303.16
2019-11-14|2993.49
2019-11-15|0.0
2019-11-16|0.0
2019-11-17|0.0
2019-11-18|0.0
2019-11-19|1806.4
2019-11-20|0.0
2019-11-21|3560.82
2019-11-22|4516.0
2019-11-23|1828.0
2019-11-24|0.0
2019-11-25|5518.79
2019-11-26|0.0
2019-11-27|0.0
2019-11-28|2325.74
2019-11-29|0.0
2019-11-30|0.0
2019-12-01|0.0
2019-12-02|64358.92999999999
2019-12-03|1673.31
2019-12-04|7537.62
2019-12-05|2051.94
2019-12-06|22524.35
2019-12-07|0.0
2019-12-08|0.0
2019-12-09|0.0
2019-12-10|14737.8
2019-12-11|1163.0
2019-12-12|12911.0
2019-12-13|7636.5
2019-12-14|0.0
2019-12-15|0.0
2019-12-16|10772.0
2019-12-17|6751.55
2019-12-18|0.0
2019-12-19|0.0
2019-12-20|15153.61
2019-12-21|9369.15
2019-12-22|0.0
2019-12-23|6774.0
2019-12-24|0.0
2019-12-25|0.0
2019-12-26|0.0
2019-12-27|3567.0
2019-12-28|0.0
2019-12-29|0.0
2019-12-30|0.0
2019-12-31|0.0
2020-01-01|0.0
2020-01-02|0.0
2020-01-03|0.0
2020-01-04|0.0
2020-01-05|0.0
2020-01-06|0.0
2020-01-07|0.0
2020-01-08|0.0
2020-01-09|0.0
2020-01-10|0.0
2020-01-11|0.0
2020-01-12|0.0
2020-01-13|0.0
2020-01-14|0.0
2020-01-15|0.0
2020-01-16|0.0
2020-01-17|0.0
2020-01-18|0.0
2020-01-19|0.0
2020-01-20|0.0
2020-01-21|0.0
2020-01-22|0.0
2020-01-23|0.0
2020-01-24|0.0
2020-01-25|0.0
2020-01-26|0.0
2020-01-27|0.0
2020-01-28|0.0
2020-01-29|0.0
2020-01-30|0.0
2020-01-31|0.0
2020-02-01|0.0
2020-02-02|0.0
2020-02-03|0.0
2020-02-04|8437.59
2020-02-05|6159.6
2020-02-06|46632.42
2020-02-07|2368.33
2020-02-08|0.0
2020-02-09|0.0
2020-02-10|5970.1
2020-02-11|20974.08
2020-02-12|0.0
2020-02-13|25025.24
2020-02-14|0.0
2020-02-15|0.0
2020-02-16|0.0
2020-02-17|0.0
2020-02-18|5467.21
2020-02-19|3522.0
2020-02-20|12212.859999999999
2020-02-21|2407.0
2020-02-22|0.0
2020-02-23|0.0
2020-02-24|0.0
2020-02-25|1628.0
2020-02-26|1839.71
2020-02-27|4379.0
2020-02-28|14426.5
2020-02-29|0.0
2020-03-01|0.0
2020-03-02|32963.86
2020-03-03|2367.0
2020-03-04|2143.9
2020-03-05|2771.1
2020-03-06|12199.59
2020-03-07|0.0
2020-03-08|0.0
2020-03-09|0.0
2020-03-10|12074.48
2020-03-11|12806.62
2020-03-12|2415.71
2020-03-13|2184.45
2020-03-14|0.0
2020-03-15|0.0
2020-03-16|0.0
2020-03-17|2391.8
2020-03-18|1372.45
2020-03-19|2322.8
2020-03-20|0.0
2020-03-21|0.0
2020-03-22|0.0
2020-03-23|4481.51
2020-03-24|0.0
2020-03-25|954.0
2020-03-26|0.0
2020-03-27|3224.67
2020-03-28|0.0
2020-03-29|0.0
2020-03-30|0.0
2020-03-31|18890.12
2020-04-01|51351.18
2020-04-02|2391.8
2020-04-03|8304.35
2020-04-04|988.55
2020-04-05|0.0
2020-04-06|3380.3500000000004
2020-04-07|4643.8
2020-04-08|0.0
2020-04-09|0.0
2020-04-10|0.0
2020-04-11|0.0
2020-04-12|0.0
2020-04-13|18862.0
2020-04-14|10901.86
2020-04-15|4174.85
2020-04-16|0.0
2020-04-17|0.0
2020-04-18|0.0
2020-04-19|0.0
2020-04-20|0.0
2020-04-21|23518.6
2020-04-22|12734.02
2020-04-23|0.0
2020-04-24|1628.0
2020-04-25|0.0
2020-04-26|0.0
2020-04-27|0.0
2020-04-28|10803.32
2020-04-29|12190.0
2020-04-30|0.0
2020-05-01|0.0
2020-05-02|0.0
2020-05-03|0.0
2020-05-04|0.0
2020-05-05|11826.42
2020-05-06|0.0
2020-05-07|28023.260000000002
2020-05-08|0.0
2020-05-09|0.0
2020-05-10|4474.51
2020-05-11|6452.28
2020-05-12|0.0
2020-05-13|0.0
2020-05-14|0.0
2020-05-15|0.0
2020-05-16|0.0
2020-05-17|0.0
2020-05-18|0.0
2020-05-19|15468.279999999999
2020-05-20|6918.62
2020-05-21|3140.11
2020-05-22|200.0
2020-05-23|0.0
2020-05-24|0.0
2020-05-25|0.0
2020-05-26|0.0
2020-05-27|0.0
2020-05-28|0.0
2020-05-29|19612.63
2020-05-30|0.0
2020-05-31|0.0
2020-06-01|28514.61
2020-06-02|10772.95
2020-06-03|0.0
2020-06-04|11790.0
2020-06-05|0.0
2020-06-06|0.0
2020-06-07|0.0
2020-06-08|893.07
2020-06-09|13408.029999999999
2020-06-10|0.0
2020-06-11|0.0
2020-06-12|13459.01
2020-06-13|0.0
2020-06-14|0.0
2020-06-15|3560.1
2020-06-16|0.0
2020-06-17|0.0
2020-06-18|0.0
2020-06-19|2321.9
2020-06-20|0.0
2020-06-21|0.0
2020-06-22|0.0
2020-06-23|0.0
2020-06-24|0.0
2020-06-25|0.0
2020-06-26|0.0
2020-06-27|0.0
2020-06-28|0.0
2020-06-29|0.0
2020-06-30|35194.520000000004
2020-07-01|0.0
2020-07-02|38771.28
2020-07-03|0.0
2020-07-04|0.0
2020-07-05|0.0
2020-07-06|36824.54
2020-07-07|0.0
2020-07-08|0.0
2020-07-09|0.0
2020-07-10|5418.1
2020-07-11|0.0
2020-07-12|0.0
2020-07-13|0.0
2020-07-14|18782.39
2020-07-15|0.0
2020-07-16|0.0
2020-07-17|0.0
2020-07-18|0.0
2020-07-19|0.0
2020-07-20|0.0
2020-07-21|0.0
2020-07-22|0.0
2020-07-23|0.0
2020-07-24|0.0
2020-07-25|0.0
2020-07-26|0.0
2020-07-27|20355.02
2020-07-28|22385.24
2020-07-29|0.0
2020-07-30|5418.1
2020-07-31|6223.799999999999
2020-08-01|820.25
2020-08-02|0.0
2020-08-03|42792.98
2020-08-04|1195.9
2020-08-05|27774.78
2020-08-06|0.0
2020-08-07|0.0
2020-08-08|0.0
2020-08-09|0.0
2020-08-10|7355.849999999999
2020-08-11|3737.0
2020-08-12|0.0
2020-08-13|6829.4400000000005
2020-08-14|32946.7
2020-08-15|0.0
2020-08-16|0.0
2020-08-17|27040.51
2020-08-18|4780.57
2020-08-19|0.0
2020-08-20|0.0
2020-08-21|2600.0
2020-08-22|0.0
2020-08-23|0.0
2020-08-24|9560.08
2020-08-25|0.0
2020-08-26|2321.9
2020-08-27|3789.71
2020-08-28|0.0
2020-08-29|0.0
2020-08-30|0.0
2020-08-31|3844.79
2020-09-01|55568.6
2020-09-02|2272.31
2020-09-03|12852.27
2020-09-04|5538.8
2020-09-05|0.0
2020-09-06|0.0
2020-09-07|1076.31
2020-09-08|7251.7
2020-09-09|0.0
2020-09-10|0.0
2020-09-11|5090.99
2020-09-12|0.0
2020-09-13|0.0
2020-09-14|5418.1
2020-09-15|5816.3
2020-09-16|0.0
2020-09-17|0.0
2020-09-18|0.0
2020-09-19|0.0
2020-09-20|0.0
2020-09-21|5576.21
2020-09-22|10932.42
2020-09-23|0.0
2020-09-24|17694.69
2020-09-25|0.0
2020-09-26|0.0
2020-09-27|0.0
2020-09-28|3285.61
2020-09-29|1871.5700000000002
2020-09-30|20761.11
2020-10-01|4502.9
2020-10-02|35947.24
2020-10-03|0.0
2020-10-04|0.0
2020-10-05|2321.9
2020-10-06|4529.219999999999
2020-10-07|1196.0
2020-10-08|6368.1
2020-10-09|4421.17
2020-10-10|0.0
2020-10-11|0.0
2020-10-12|2791.5
2020-10-13|19982.510000000002
2020-10-14|7381.68
2020-10-15|4186.0
2020-10-16|1196.0
2020-10-17|0.0
2020-10-18|0.0
2020-10-19|0.0
2020-10-20|5626.49
2020-10-21|5036.41
2020-10-22|0.0
2020-10-23|4066.8
2020-10-24|0.0
2020-10-25|0.0
2020-10-26|4643.8
2020-10-27|2778.9
2020-10-28|1422.6
2020-10-29|0.0
2020-10-30|0.0
2020-10-31|0.0
2020-11-01|0.0
2020-11-02|12164.22
2020-11-03|5744.62
2020-11-04|39344.08
2020-11-05|3970.0
2020-11-06|2052.15
2020-11-07|0.0
2020-11-08|0.0
2020-11-09|0.0
2020-11-10|4089.0
2020-11-11|0.0
2020-11-12|11233.29
2020-11-13|0.0
2020-11-14|0.0
2020-11-15|0.0
2020-11-16|0.0
2020-11-17|9249.27
2020-11-18|1196.0
2020-11-19|0.0
2020-11-20|1345.55
2020-11-21|0.0
2020-11-22|0.0
2020-11-23|8467.0
2020-11-24|10061.900000000001
2020-11-25|1345.55
2020-11-26|2400.0
2020-11-27|0.0
2020-11-28|0.0
2020-11-29|0.0
2020-11-30|5909.04
2020-12-01|38042.41
2020-12-02|21582.31
2020-12-03|4202.52
2020-12-04|2237.99
2020-12-05|0.0
2020-12-06|0.0
2020-12-07|2308.08
2020-12-08|0.0
2020-12-09|1195.9
2020-12-10|16620.469999999998
2020-12-11|0.0
2020-12-12|0.0
2020-12-13|0.0
2020-12-14|5498.07
2020-12-15|4876.29
2020-12-16|11659.4
2020-12-17|1196.0
2020-12-18|9005.8
2020-12-19|0.0
2020-12-20|0.0
2020-12-21|0.0
2020-12-22|8384.0
2020-12-23|0.0
2020-12-24|0.0
2020-12-25|0.0
2020-12-26|0.0
2020-12-27|0.0
2020-12-28|2368.33
2020-12-29|10342.220000000001
2020-12-30|0.0
2020-12-31|0.0
2021-01-01|0.0
2021-01-02|0.0
2021-01-03|0.0
2021-01-04|45788.62
2021-01-05|9974.4
2021-01-06|0.0
2021-01-07|1033.0
2021-01-08|8425.94
2021-01-09|0.0
2021-01-10|0.0
2021-01-11|1966.27
2021-01-12|1016.52
2021-01-13|5200.0
2021-01-14|13616.57
2021-01-15|12476.130000000001
2021-01-16|0.0
2021-01-17|0.0
2021-01-18|61088.68
2021-01-19|3947.24
2021-01-20|2419.54
2021-01-21|15500.55
2021-01-22|0.0
2021-01-23|0.0
2021-01-24|0.0
2021-01-25|3350.0
2021-01-26|2391.8
2021-01-27|609.59
2021-01-28|10870.6
2021-01-29|13570.349999999999
2021-01-30|0.0
2021-01-31|0.0
2021-02-01|0.0
2021-02-02|43686.9
2021-02-03|63908.82
2021-02-04|0.0
2021-02-05|1118.94
2021-02-06|0.0
2021-02-07|0.0
2021-02-08|10142.73
2021-02-09|33904.69
2021-02-10|19868.73
2021-02-11|7924.280000000001
2021-02-12|2321.9
2021-02-13|0.0
2021-02-14|0.0
2021-02-15|15020.08
2021-02-16|1878.27
2021-02-17|0.0
2021-02-18|0.0
2021-02-19|0.0
2021-02-20|0.0
2021-02-21|0.0
2021-02-22|3678.31
2021-02-23|0.0
2021-02-24|773.96
2021-02-25|8865.35
2021-02-26|3672.7200000000003
2021-02-27|0.0
2021-02-28|0.0
2021-03-01|81884.59
2021-03-02|3589.55
2021-03-03|9136.45
2021-03-04|1040.0
2021-03-05|0.0
2021-03-06|0.0
2021-03-07|0.0
2021-03-08|1118.0
2021-03-09|0.0
2021-03-10|0.0
2021-03-11|13488.77
2021-03-12|0.0
2021-03-13|0.0
2021-03-14|0.0
2021-03-15|0.0
2021-03-16|598.0
2021-03-17|87.3
2021-03-18|533.76
2021-03-19|0.0
2021-03-20|0.0
2021-03-21|0.0
2021-03-22|2545.55
2021-03-23|0.0
2021-03-24|521.0
2021-03-25|4263.0
2021-03-26|0.0
2021-03-27|0.0
2021-03-28|0.0
2021-03-29|0.0
2021-03-30|0.0
2021-03-31|0.0
2021-04-01|0.0
2021-04-02|0.0
2021-04-03|0.0
2021-04-04|0.0
2021-04-05|77524.94
2021-04-06|7127.26
2021-04-07|0.0
2021-04-08|5324.15
2021-04-09|2406.2
2021-04-10|0.0
2021-04-11|0.0
2021-04-12|8396.119999999999
2021-04-13|0.0
2021-04-14|7270.360000000001
2021-04-15|0.0
2021-04-16|2976.8900000000003
2021-04-17|0.0
2021-04-18|0.0
2021-04-19|0.0
2021-04-20|0.0
2021-04-21|5418.1
2021-04-22|4334.48
2021-04-23|4066.55
2021-04-24|0.0
2021-04-25|0.0
2021-04-26|0.0
2021-04-27|2321.9
2021-04-28|24770.95
2021-04-29|2299.0
2021-04-30|3905.01
2021-05-01|0.0
2021-05-02|0.0
2021-05-03|55157.8
2021-05-04|25752.42
2021-05-05|1421.0
2021-05-06|7436.419999999999
2021-05-07|14473.159999999998
2021-05-08|0.0
2021-05-09|0.0
2021-05-10|0.0
2021-05-11|8996.699999999999
2021-05-12|2321.9
2021-05-13|6457.84
2021-05-14|0.0
2021-05-15|0.0
2021-05-16|0.0
2021-05-17|0.0
2021-05-18|0.0
2021-05-19|0.0
2021-05-20|8684.5
2021-05-21|10593.0
2021-05-22|0.0
2021-05-23|0.0
2021-05-24|0.0
2021-05-25|705.77
2021-05-26|0.0
2021-05-27|10525.08
2021-05-28|4495.91
2021-05-29|0.0
2021-05-30|0.0
2021-05-31|4832.5
2021-06-01|71009.37000000001
2021-06-02|1016.52
2021-06-03|10010.56
2021-06-04|4388.13
2021-06-05|0.0
2021-06-06|0.0
2021-06-07|3251.58
2021-06-08|8977.11
2021-06-09|1682.68
2021-06-10|120.0
2021-06-11|4167.36
2021-06-12|0.0
2021-06-13|0.0
2021-06-14|22123.739999999998
2021-06-15|22290.24
2021-06-16|3195.9
2021-06-17|7772.33
2021-06-18|2500.0
2021-06-19|0.0
2021-06-20|0.0
2021-06-21|0.0
2021-06-22|5440.780000000001
2021-06-23|2406.2
2021-06-24|358.98
2021-06-25|4615.48
2021-06-26|0.0
2021-06-27|0.0
2021-06-28|27655.43
2021-06-29|12339.619999999999
2021-06-30|4605.39
2021-07-01|70286.46
2021-07-02|61687.68
2021-07-03|0.0
2021-07-04|0.0
2021-07-05|0.0
2021-07-06|27157.05
2021-07-07|725.52
2021-07-08|3223.04
2021-07-09|0.0
2021-07-10|0.0
2021-07-11|0.0
2021-07-12|18247.97
2021-07-13|0.0
2021-07-14|0.0
2021-07-15|3657.2
2021-07-16|1380.94
2021-07-17|0.0
2021-07-18|0.0
2021-07-19|18890.32
2021-07-20|19905.93
2021-07-21|9375.6
2021-07-22|0.0
2021-07-23|120.0
2021-07-24|0.0
2021-07-25|0.0
2021-07-26|12653.16
2021-07-27|4438.8
2021-07-28|2089.71
2021-07-29|1667.77
2021-07-30|2511.8
2021-07-31|0.0
2021-08-01|0.0
2021-08-02|11481.56
2021-08-03|76642.08
2021-08-04|23379.66
2021-08-05|62908.02
2021-08-06|8489.72
2021-08-07|0.0
2021-08-08|0.0
2021-08-09|4906.360000000001
2021-08-10|5025.32
2021-08-11|10647.66
2021-08-12|3617.37
2021-08-13|0.0
2021-08-14|0.0
2021-08-15|0.0
2021-08-16|7541.889999999999
2021-08-17|0.0
2021-08-18|1196.0
2021-08-19|1752.45
2021-08-20|0.0
2021-08-21|0.0
2021-08-22|0.0
2021-08-23|6319.99
2021-08-24|0.0
2021-08-25|0.0
2021-08-26|1345.55
2021-08-27|12242.119999999999
2021-08-28|0.0
2021-08-29|0.0
2021-08-30|18690.91
2021-08-31|1640.0
2021-09-01|131499.5
2021-09-02|8129.49
2021-09-03|188808.36000000002
2021-09-04|0.0
2021-09-05|0.0
2021-09-06|219499.47
2021-09-07|6746.87
2021-09-08|26223.600000000002
2021-09-09|0.0
2021-09-10|16326.7
2021-09-11|0.0
2021-09-12|0.0
2021-09-13|3584.09
2021-09-14|6591.59
2021-09-15|1408.56
2021-09-16|0.0
2021-09-17|0.0
2021-09-18|0.0
2021-09-19|0.0
2021-09-20|12676.63
2021-09-21|885.17
2021-09-22|0.0
2021-09-23|4074.3500000000004
2021-09-24|-33529.0
2021-09-25|0.0
2021-09-26|0.0
2021-09-27|1700.0
2021-09-28|0.0
2021-09-29|0.0
2021-09-30|9941.84
2021-10-01|121740.32
2021-10-02|0.0
2021-10-03|0.0
2021-10-04|20944.9
2021-10-05|9407.97
2021-10-06|9631.35
2021-10-07|13359.53
2021-10-08|13294.369999999999
2021-10-09|0.0
2021-10-10|0.0
2021-10-11|2321.9
2021-10-12|2438.45
2021-10-13|120.0
2021-10-14|45963.11
2021-10-15|7149.33
2021-10-16|0.0
2021-10-17|0.0
2021-10-18|11089.32
2021-10-19|0.0
2021-10-20|40468.47
2021-10-21|-28137.01
2021-10-22|0.0
2021-10-23|0.0
2021-10-24|0.0
2021-10-25|0.0
2021-10-26|2534.11
2021-10-27|5429.98
2021-10-28|3336.1000000000004
2021-10-29|7665.11
2021-10-30|0.0
2021-10-31|0.0
2021-11-01|69570.78
2021-11-02|53731.53
2021-11-03|16421.05
2021-11-04|6608.98
2021-11-05|4838.59
2021-11-06|0.0
2021-11-07|0.0
2021-11-08|3049.93
2021-11-09|0.0
2021-11-10|5741.0
2021-11-11|14871.85
2021-11-12|0.0
2021-11-13|0.0
2021-11-14|0.0
2021-11-15|0.0
2021-11-16|10231.400000000001
2021-11-17|0.0
2021-11-18|1148.75
2021-11-19|0.0
2021-11-20|0.0
2021-11-21|0.0
2021-11-22|7953.76
2021-11-23|5364.41
2021-11-24|0.0
2021-11-25|1615.21
2021-11-26|11925.04
2021-11-27|0.0
2021-11-28|0.0
2021-11-29|1079.0
2021-11-30|4178.73
2021-12-01|57556.06
2021-12-02|53494.63
2021-12-03|28986.72
2021-12-04|0.0
2021-12-05|0.0
2021-12-06|23262.809999999998
2021-12-07|3361.3500000000004
2021-12-08|7355.37
2021-12-09|11360.029999999999
2021-12-10|2615.9
2021-12-11|0.0
2021-12-12|0.0
2021-12-13|6762.639999999999
2021-12-14|10116.0
2021-12-15|11820.0
2021-12-16|4407.9
2021-12-17|5801.38
2021-12-18|0.0
2021-12-19|0.0
2021-12-20|4205.12
2021-12-21|891.54
2021-12-22|0.0
2021-12-23|12045.880000000001
2021-12-24|0.0
2021-12-25|0.0
2021-12-26|0.0
2021-12-27|473.37
2021-12-28|0.0
2021-12-29|0.0
2021-12-30|28778.29
2021-12-31|0.0
2022-01-01|0.0
2022-01-02|0.0
2022-01-03|0.0
2022-01-04|1225.8
2022-01-05|15656.18
2022-01-06|39173.090000000004
2022-01-07|15100.93
2022-01-08|0.0
2022-01-09|0.0
2022-01-10|0.0
2022-01-11|34262.37
2022-01-12|44998.19
2022-01-13|21805.86
2022-01-14|2212.5299999999997
2022-01-15|0.0
2022-01-16|0.0
2022-01-17|17894.05
2022-01-18|4450.139999999999
2022-01-19|0.0
2022-01-20|1225.8
2022-01-21|1973.62
2022-01-22|0.0
2022-01-23|0.0
2022-01-24|5774.4
2022-01-25|15261.33
2022-01-26|0.0
2022-01-27|0.0
2022-01-28|0.0
2022-01-29|0.0
2022-01-30|0.0
2022-01-31|30258.879999999997
2022-02-01|25934.56
2022-02-02|27104.91
2022-02-03|8869.84
2022-02-04|0.0
2022-02-05|0.0
2022-02-06|0.0
2022-02-07|0.0
2022-02-08|4908.24
2022-02-09|0.0
2022-02-10|87710.81
2022-02-11|13735.529999999999
2022-02-12|0.0
2022-02-13|0.0
2022-02-14|3648.29
2022-02-15|49366.81
2022-02-16|11802.04
2022-02-17|1279.61
2022-02-18|4908.24
2022-02-19|0.0
2022-02-20|0.0
2022-02-21|0.0
2022-02-22|21341.02
2022-02-23|1279.61
2022-02-24|3776.62
2022-02-25|1874.5
2022-02-26|0.0
2022-02-27|0.0
2022-02-28|0.0
2022-03-01|0.0
2022-03-02|37705.99
2022-03-03|1007.12
2022-03-04|25341.24
2022-03-05|0.0
2022-03-06|0.0
2022-03-07|21794.559999999998
2022-03-08|0.0
2022-03-09|3396.56
2022-03-10|69856.05
2022-03-11|94867.6
2022-03-12|0.0
2022-03-13|0.0
2022-03-14|75775.2
2022-03-15|37946.19
2022-03-16|2623.18
2022-03-17|11906.31
2022-03-18|4948.45
2022-03-19|0.0
2022-03-20|0.0
2022-03-21|0.0
2022-03-22|2856.3599999999997
2022-03-23|0.0
2022-03-24|7753.43
2022-03-25|7453.0
2022-03-26|0.0
2022-03-27|0.0
2022-03-28|523.28
2022-03-29|68217.81
2022-03-30|0.0
2022-03-31|5472.61
2022-04-01|31246.739999999998
2022-04-02|0.0
2022-04-03|0.0
2022-04-04|74386.65
2022-04-05|46355.66
2022-04-06|31810.36
2022-04-07|22271.85
2022-04-08|52115.42
2022-04-09|0.0
2022-04-10|0.0
2022-04-11|0.0
2022-04-12|0.0
2022-04-13|0.0
2022-04-14|0.0
2022-04-15|0.0
2022-04-16|0.0
2022-04-17|0.0
2022-04-18|0.0
2022-04-19|750.13
2022-04-20|16102.12
2022-04-21|3551.04
2022-04-22|11374.7
2022-04-23|0.0
2022-04-24|0.0
2022-04-25|41620.810000000005
2022-04-26|7972.7
2022-04-27|0.0
2022-04-28|1681.6
2022-04-29|4252.42
2022-04-30|0.0
2022-05-01|0.0
2022-05-02|66568.23
2022-05-03|59266.25
2022-05-04|50836.3
2022-05-05|36690.869999999995
2022-05-06|7650.139999999999
2022-05-07|0.0
2022-05-08|0.0
2022-05-09|24344.32
2022-05-10|0.0
2022-05-11|1311.6
2022-05-12|3547.08
2022-05-13|15588.98
2022-05-14|0.0
2022-05-15|0.0
2022-05-16|18278.37
2022-05-17|686.0
2022-05-18|7798.13
2022-05-19|14233.210000000001
2022-05-20|8510.58
2022-05-21|0.0
2022-05-22|0.0
2022-05-23|0.0
2022-05-24|4626.75
2022-05-25|0.0
2022-05-26|0.0
2022-05-27|0.0
2022-05-28|0.0
2022-05-29|0.0
2022-05-30|6075.23
2022-05-31|18862.09
2022-06-01|4527.87
2022-06-02|4389.74
2022-06-03|52469.24
2022-06-04|0.0
2022-06-05|0.0
2022-06-06|73732.07
2022-06-07|33363.28
2022-06-08|24312.75
2022-06-09|1143.61
2022-06-10|3208.33
2022-06-11|0.0
2022-06-12|0.0
2022-06-13|7080.629999999999
2022-06-14|21238.9
